NAME,MBID,LISTENERS,URL,STREAMABLE,IMAGE_SMALL,IMAGE_LARGE
Indila,eee14992-d2ab-4c46-b1e2-51080504ba50,450683,https://www.last.fm/music/Indila,0,,
Idil Biret,8a2ce8fe-35fa-44b5-a91f-d8cc38dfc676,44473,https://www.last.fm/music/Idil+Biret,0,,
İdil Biret,,5120,https://www.last.fm/music/%C4%B0dil+Biret,0,,
IDLIBRA,,1678,https://www.last.fm/music/IDLIBRA,0,,
İdil Meşe,,4359,https://www.last.fm/music/%C4%B0dil+Me%C5%9Fe,0,,
idil üner,,3507,https://www.last.fm/music/idil+%C3%BCner,0,,
idialedyournumber,,845,https://www.last.fm/music/idialedyournumber,0,,
Rohff - Indila,,2356,https://www.last.fm/music/Rohff+-+Indila,0,,
"Johannes Brahms, Idil Biret",,2299,"https://www.last.fm/music/Johannes+Brahms,+Idil+Biret",0,,
"Biret, Idil",,1517,"https://www.last.fm/music/Biret,+Idil",0,,
Indila - Soprano,,1763,https://www.last.fm/music/Indila+-+Soprano,0,,
Idillia,,291,https://www.last.fm/music/Idillia,0,,
İdil Üner,44f62923-209d-4504-b436-fd10d5d2ef72,673,https://www.last.fm/music/%C4%B0dil+%C3%9Cner,0,,
CHOPIN (Idil Biret),,124,https://www.last.fm/music/CHOPIN+(Idil+Biret),0,,
İdil Ateş,,788,https://www.last.fm/music/%C4%B0dil+Ate%C5%9F,0,,
Ceren İdil,,907,https://www.last.fm/music/Ceren+%C4%B0dil,0,,
Idil Biret; Robert Stankovsky: Slovak State Philharmonic Orchestra,,261,https://www.last.fm/music/Idil+Biret;+Robert+Stankovsky:+Slovak+State+Philharmonic+Orchestra,0,,
Su İdil,,433,https://www.last.fm/music/Su+%C4%B0dil,0,,
İdil Biret & Frédéric Chopin,,342,https://www.last.fm/music/%C4%B0dil+Biret+&+Fr%C3%A9d%C3%A9ric+Chopin,0,,
"Frédéric Chopin, Idil Biret",,518,"https://www.last.fm/music/Fr%C3%A9d%C3%A9ric+Chopin,+Idil+Biret",0,,
Idillicah,89a62fb0-a612-4e83-93f8-2db536a8651f,137,https://www.last.fm/music/Idillicah,0,,
Nizar Idil,,481,https://www.last.fm/music/Nizar+Idil,0,,
Рахманинов (Idil Biret),,83,https://www.last.fm/music/%D0%A0%D0%B0%D1%85%D0%BC%D0%B0%D0%BD%D0%B8%D0%BD%D0%BE%D0%B2+(Idil+Biret),0,,
Idil Biret; Robert Stankovsky: Czecho-Slovak State Philharmonic Orchestra,,234,https://www.last.fm/music/Idil+Biret;+Robert+Stankovsky:+Czecho-Slovak+State+Philharmonic+Orchestra,0,,
Iidle yare,,124,https://www.last.fm/music/Iidle+yare,0,,
"Idil Biret (piano), Polish National Radio symphony Orchestra e Antoni Wit (regente)",,131,"https://www.last.fm/music/Idil+Biret+(piano),+Polish+National+Radio+symphony+Orchestra+e+Antoni+Wit+(regente)",0,,
"Zaho, Indila",,137,"https://www.last.fm/music/Zaho,+Indila",0,,
Selim Sesler & Orchester f. Idil Üner,,1835,https://www.last.fm/music/Selim+Sesler+&+Orchester+f.+Idil+%C3%9Cner,0,,
idil,,297,https://www.last.fm/music/idil,0,,
Beethoven (Idil Biret),,75,https://www.last.fm/music/Beethoven+(Idil+Biret),0,,
